company_name,company_url
株式会社セラク（東証プライム市場上場企業）,http://www.seraku.co.jp/
ラ・ハイナ株式会社,https://la-haina.jp/
株式会社エーエスエル,https://www.asl.co.jp/
株式会社ダイヤコーポレーション,https://daiya-corp.com
株式会社ワールドインテック SI事業部（ワールドホールディングスグループ）,https://www.witc.co.jp/
株式会社レインオンファニー,https://www.reinonfunny.co.jp/
株式会社ビーネックステクノロジーズ,https://www.benextgroup.net/bnt/career_engineer
株式会社リクルートＲ＆Ｄスタッフィング,https://www.recruit-rds.co.jp/
株式会社ECS,https://ecs.jp/
株式会社レインオンファニー,https://www.reinonfunny.co.jp/
株式会社UNITE,https://www.u-nite.co.jp/
株式会社ウィズテック,https://wiz-tech.jp/
株式会社スタイルシステム,http://www.stylesystem.co.jp/index.html
株式会社ｗｉｌｄｉｄｅａ,http://wildidea.net/
株式会社ワールドインテック SI事業部（ワールドホールディングスグループ）,https://www.witc.co.jp/
株式会社システム情報,https://www.sysj.co.jp/
株式会社アイスタンダード,https://www.i-standard.jp/#main
株式会社ＯＮ,https://zoccon.me/
株式会社GROW,https://grow-infotech.com/
株式会社リクルートＲ＆Ｄスタッフィング,https://www.recruit-rds.co.jp/
株式会社シャタイシステムズ,https://www.shataisys.com/
株式会社リクルートネット,https://www.recruit-net.jp/
株式会社ウェルスペック,https://wellspec.co.jp/recruit
株式会社SAKURUG,http://sakurug.co.jp/
株式会社共達,https://www.cncsys.co.jp/
株式会社Welltech,http://wellness-technology.com/
オブザーブ株式会社,https://observe.co.jp/
株式会社ベリアント,http://www.belient.com
株式会社AMG Solution,https://amg-solution.jp/
株式会社シスコム・テクノロジー,https://www.sys-tc.co.jp/
株式会社デジタルデザインシンク,http://www.ddthink.com/
株式会社ＣＯＢＯＬ,https://www.gizyutsusya.net/
キャル株式会社,https://www.cal.co.jp/
KYOKYU株式会社,https://kyokyu.net/
株式会社シベスピ,http://www.chivsp.com/
株式会社ローラデックス,https://rolladex.co.jp/nombreimpair/
ラーニンギフト株式会社,https://learningift.com/
株式会社スキルマーク,http://skillmark.info/
株式会社ミュゼプラチナム,https://musee-pla.com/
株式会社セイル,https://sail-to.co.jp/
株式会社アールエンジン,https://r-engine.jp/
株式会社EXIZZLE-LINE,https://exizzle-line.co.jp/
株式会社C-mind,https://cmind-co.jp
株式会社ウォーターウィッシュ,https://water-wish.com/
株式会社ライズ,http://rise-g.jp/
株式会社ｕｎｉｑｕｅｏｎ,https://uniqueon.co.jp/
中央システム株式会社,https://www.chuo-system.co.jp/
株式会社アースシステムズラボラトリー,https://www.earthsys-lab.co.jp/
株式会社ESES,https://eses-inc.jp/
株式会社JUT JOY,
株式会社エムズクリエイティブシステム,http://www.mcs-soft.com/
スタッフサービス・エンジニアリング,http://www.staffservice-engineering.jp/
株式会社ステップITソリューション,https://www.step-its.com/
株式会社ライトウェア,http://www.lightware.co.jp/recruitcareer/
株式会社Def tribe,https://www.e-deftribe.com
株式会社イズム,https://ism-sol.jp/
株式会社テクノプロ テクノプロ・IT社,http://www.technopro.com/it
スイフトテクノロジー株式会社,https://www.swift-tech.co.jp/
アヴァント株式会社,http://avant-sl.com/
Modis株式会社,http://www.modis.co.jp/
ソフトヒューべリオン株式会社,https://soft-hyperion.com/
株式会社クルーク,http://www.gulk.co.jp
株式会社日本ピュアシステム,https://www.pure-system.com/index.html
株式会社クオーテック,https://www.quotec.co.jp/
株式会社GoingN,https://www.goingn.co.jp/
ザンシン株式会社,http://zanthing.com/
株式会社GSI,https://glue-si.com/
株式会社ｗｉｌｄｉｄｅａ,http://wildidea.net/
辰巳電子工業株式会社,http://www.tatsu-mi.co.jp
ＪＨＲ株式会社,
株式会社フジボウル,https://fujiball.co.jp/
株式会社オリエンタルリザレクション,
株式会社イデアルデコード,http://ideal-decode.com
スタッフサービス・エンジニアリング,http://www.staffservice-engineering.jp/
株式会社エーエルジェイ,https://www.al-j.co.jp/
株式会社キャリアブロックス,http://careerblocks.jp
株式会社ゼネック,https://www.genech.co.jp/
株式会社グッドスマイル,http://www.gsmile.co.jp/index.html
株式会社コーディアルサポートスタッフ,http://www.cordial-support.co.jp/
デマンドリンク株式会社,http://www.demand-link.jp/
ビジネスシステムサービス株式会社,https://www.b-serv.co.jp/index.html
株式会社イズム,https://ism-sol.jp/
株式会社わさび,https://wasabi-digital.com/
株式会社リクルートＲ＆Ｄスタッフィング,https://www.recruit-rds.co.jp/
株式会社メディアパートナーズ,https://www.mediapartners.co.jp
ビーパートナーズ株式会社,http://www.bee-partners.co.jp
システム技研株式会社,http://www.s-giken.com/
株式会社ＣＯＢＯＬ,https://www.gizyutsusya.net/
株式会社インキュライズコンサルティング,https://incurise.co.jp/recruit/
株式会社アートマン,http://atman.co.jp
株式会社ウィモーション,https://wemotion.co.jp/
シェアクレスト株式会社,https://www.sharecrest.com
大京システム開発株式会社,https://www.u-dsk.co.jp/
つくばソフトウェアエンジニアリング株式会社,http://www.tse.co.jp/
株式会社Luxy,https://luxy-inc.com/
株式会社ナカムラ,https://www.nakamura-jpn.co.jp/
株式会社アレグロマジック,https://all.jp
株式会社クレール情報,
コンピュータ・レスキュー株式会社,http://www.computer-rescuer.com/
株式会社ドリームジャック,https://www.dream-jack.com/
株式会社ICTブレインズ,http://www.ict-brains.co.jp
株式会社アクセル,https://www.axcell-inc.jp/
株式会社エムズワークスエンジニアリング,http://www.ms-works-eng.co.jp/
株式会社アスパーク,http://www.aspark.co.jp
レイルリンク株式会社,https://raillink.jp
Heyday株式会社,https://hydy.jp/
株式会社シー・アイ・エス,https://www.c-i-s.jp
株式会社ＡＬＥＳＩＡＩＮ,https://www.alesian.co.jp
ポスタス株式会社,https://www.postas.co.jp/
金山国際株式会社,https://gomoal.co.jp/
株式会社博報堂アイ・スタジオ,https://www.i-studio.co.jp/
ＣａｔｅｎａＭｅｄｉａ株式会社,https://www.catenamedia.com
株式会社博報堂アイ・スタジオ,https://www.i-studio.co.jp/
株式会社CRE-CO,http://cre-co.jp
株式会社ビスカス,https://www.viscas.co.jp/
株式会社ジョブキャッチ,http://job-c.co.jp
株式会社パートナー,https://www.go-partner.jp/
LibertyDataDesign株式会社,https://ldd.co.jp/
ソフトバンク株式会社（東証プライム上場）,https://www.softbank.jp/
株式会社ｉ‐ＮＯＳ,http://www.i-nos.co.jp/
auペイメント株式会社,https://www.au-payment.co.jp/index.php
日本ウェブサービス株式会社,http://jpn-web.co.jp/premium/
Sansan株式会社（東証プライム上場）,https://jp.corp-sansan.com/
株式会社Nautik,http://nautik.co.jp/
株式会社アイ・ディ・エイチ,https://www.idh-net.co.jp
株式会社STG,https://stg-company.main.jp/
株式会社エージェントグロー,https://www.agent-grow.com/
合同会社ジョブガレッジ,http://www.jobgollege.com
マンパワーグループ株式会社 エクスぺリス事業本部,https://www.experis.jp/
ザンシン株式会社,http://zanthing.com/
株式会社スタッフサービス エンジニアリング事業本部,https://www.staffservice-engineering.jp/
株式会社ズットモ,https://zuttomo.jp/
株式会社ルトラ,https://www.rutla.jp/
マイバックス株式会社,http://www.mybacks.co.jp
コグナビ（株式会社フォーラムエンジニアリング/東証プライム上場）,https://www.forumeng.co.jp/
ＮＡＩＳコンサルティング株式会社,https://naisc.co.jp/index.html
トランスコスモス株式会社（東証プライム上場）,https://www.trans-cosmos.co.jp/
ＮＡＩＳコンサルティング株式会社,https://naisc.co.jp/index.html
株式会社ラポールスター,https://www.rapport-star.com/
株式会社レベルス,https://level-s.jp/
株式会社スタッフサービス エンジニアリング事業本部,https://www.staffservice-engineering.jp/
株式会社エヌエスシー東京営業所,https://www.nsc-inc.co.jp/
株式会社リクルートR&Dスタッフィング,https://www.recruit-rds.co.jp/
株式会社エーエスエル,https://www.asl.co.jp
株式会社日本情報開発,https://jid-net.com/
株式会社Ｂ・Ｐ・Ｓ,https://bps21.jp
株式会社テクニケーション,https://www.technication.co.jp/index.html
株式会社トリモ,https://torimo.co.jp
株式会社クリア,https://clear-inc.site/
テクニカルプランニング株式会社,http://www.tplan.co.jp/
株式会社メイテックフィルダーズ,https://www.m-fielders.co.jp/
株式会社JAVE,https://spinear.com
株式会社博報堂プロダクツ,http://www.h-products.co.jp/
株式会社エヌエスシー東京営業所,https://www.nsc-inc.co.jp/
株式会社チェルト,https://www.certo-co.com/
株式会社キーワードジャパン,http://www.keywordjapan.co.jp
フォーザウィン株式会社,https://forthewin.co.jp/
ビーパートナーズ株式会社,http://www.bee-partners.co.jp
ジャパニアス株式会社,http://www.jna.co.jp/
株式会社フォーラムエンジニアリング,https://www.forumeng.co.jp/
ジャパニアス株式会社,http://www.jna.co.jp/
株式会社グッドスマイル,http://www.gsmile.co.jp/index.html
東京カートグラフィック株式会社,https://www.tcgmap.jp/
株式会社STG,https://stg-company.main.jp/
H.R.I株式会社,https://hri-group.jp/
フォワードソフト株式会社,http://forward-soft.co.jp/
株式会社リスタートキャリア,https://restart-career.co.jp/
フォーサイト・コミュニケーション・リミテッド,https://4sight.co.jp
株式会社メンバーズ メンバーズイーシーグロウカンパニー,https://www.members.co.jp/
ＪＨＲ株式会社,
株式会社KAMING,https://www.kaming-corp.com/
VANDDD株式会社,http://vanddd.com
アークシステム株式会社,https://www.ark-sys.co.jp/
株式会社アウトソーシングテクノロジー　R&D 南関東採用課,http://www.ostechnology.co.jp/
株式会社リンクス,http://www.links-system.co.jp/
株式会社ＺｉｏｎＴｅｃｈｎｏｌｏｇｉｅｓ,https://www.zion-tech.co.jp
株式会社夢テクノロジー,https://www.yume-tec.co.jp
株式会社ｆｏｒＳｐｅｃ,http://forspec.co.jp
株式会社シスコム・テクノロジー,http://www.sys-tc.co.jp/
システム・ワン株式会社,http://www.soc-net.co.jp/
株式会社VRST,https://vrst.co.jp/
株式会社BRIDGEX（ブリッジクス）,http://bridgex.jp
株式会社けんじゃ,
株式会社ヒューマンウェア研究所,https://humanware-r.com
株式会社ビヨンドワークス,https://beyond-works.co.jp/
株式会社プラセンタ倶楽部,http://placenta-club.com
ミチル株式会社,
株式会社ｄｉｖｘ,https://divx.co.jp/
Modis株式会社（旧社名：株式会社VSN）,https://career.modis.co.jp/
ｍｉｒａｃｌｅａｖｅ株式会社,https://www.miracleave.co.jp/
ディーピーティー株式会社,http://www.dpt-inc.co.jp/engineer/
POC-DC株式会社,https://poc-dc.com/
株式会社ヴィトーリアゼーロ,http://vitoria.co.jp
株式会社TryAngle,http://www.tangle.co.jp
YIGsolution株式会社,https://yig-solution.co.jp
株式会社エーエスエル,https://www.asl.co.jp
株式会社リンク,https://corp-link.main.jp/
ＳＢＩ Ａｆｒｉｃａ株式会社,https://www.sbiaf.co.jp/
Technocrats Japan株式会社,http://www.technocrats.jp/
株式会社ＺｉｏｎＴｅｃｈｎｏｌｏｇｉｅｓ,https://www.zion-tech.co.jp
株式会社アクシス・クリエイト,https://www.axiscreate.com
株式会社アクティブリテック,https://active-rt.com/
株式会社Az One,https://www.azone-japan.co.jp/
株式会社デルタエンジニアリング,https://www.delta-group.co.jp/delta-engineering/
株式会社フラット,https://flat-inc.site/
株式会社デザイア,http://www.desire-its.co.jp
株式会社フェローシップ,http://www.f-ship.jp/
ヤマトシステム開発株式会社,http://www.nekonet.co.jp/
株式会社SeeD,https://seed-it.jp/
株式会社エクソナ,https://xonor.jp/
サンウェルグループ,https://sunwells.co.jp
アステック株式会社,http://www.astecc.co.jp/
株式会社エム・アンド・アイ,https://m-i.co.jp
株式会社　グラント,https://grant-web.jp/it_solution/
株式会社LIFESYNC,https://lifesync.jp/
ハイツー株式会社,https://hightwo.co.jp/
Y&I Group株式会社,https://www.y-i-groupinc.jp/
株式会社　VERDEC,https://verdec-s.com
マッチスル株式会社,https://matchsul.com/
株式会社プラン＆アイ,http://www.planandi.com
B&B株式会社,https://b-binc.co.jp/
株式会社ＫＫシステム,https://www.kk-system.com/
株式会社パワーソリューションズ,http://www.powersolutions.co.jp
株式会社ティー・エフ・シー,http://www.twinfeather.co.jp
株式会社MIRAIt Service Design,https://www.msdcorp.co.jp/
株式会社ブラヴィッシモ,http://www.bravi.co.jp
株式会社ITサポート,https://it-support.co.jp/
ビルボードグループ,
株式会社アイティーシー,https://www.itc-tokyo.com/
ザンシン株式会社,http://zanthing.com/
株式会社Fanplus,https://fanplus.co.jp/
株式会社ｉ‐ＮＯＳ,http://www.i-nos.co.jp/
株式会社Gizumo,https://gizumo-inc.jp/
株式会社ソラボ,https://www.solabo.co.jp
株式会社ESP,http://es-p.jp/
株式会社デジタルワレット,http://www.digitalwallet.co.jp/
株式会社レインオンファニー,https://www.reinonfunny.co.jp/
株式会社アウトソーシングテクノロジー,https://www.ostechnology.co.jp/
株式会社アイフリークスマイルズ,https://smiles.i-freek.co.jp/
株式会社Ｂ・Ｐ・Ｓ,https://bps21.jp
株式会社JUT JOY,https://jutjoy.com/
株式会社エクソナ,https://xonor.jp/
株式会社ラージック,http://www.largic.jp/
新日本ソフトウェア株式会社,http://www.snsoft.co.jp/
株式会社jioworks,http://jioworks.com
アクトライシステム株式会社,https://www.actry-system.co.jp
カコウ株式会社,http://www.kakou-all.co.jp/
大栄システム株式会社,https://www.daiei-sys.co.jp/
株式会社ラクスパートナーズ,https://career-engineer.jp/
株式会社CRE-CO,http://cre-co.jp
株式会社ゼディアレーゲン,https://zedia-g.jp
株式会社エクソナ,https://xonor.jp/
株式会社コアテック,https://core-tech.jp
株式会社コロナワークス,http://cwks.co.jp/
株式会社free mova,https://www.freemova.com/
株式会社アーシャルデザイン,https://www.a-cial.com/
株式会社セキュアサスティーン,https://secure-i.jp/company/company-info-04/
株式会社ヒューマンウェイブ,http://www.human-wave.co.jp/
株式会社セキュアアイリス,
株式会社アウトソーシングテクノロジー,https://www.ostechnology.co.jp/
オープン・ワーカー株式会社,http://www.opw.co.jp/
株式会社ＤＴＤ,http://www.dtd-corp.co.jp/
キャロルシステム株式会社,https://www.carol.co.jp/
HapInS株式会社,https://hapins.net/
株式会社エルバークエイム,https://www.lberc-g.jp/
株式会社ヒューマンウェア研究所,https://humanware-r.com
株式会社リブレス,https://rebreath.jp/
株式会社ドゥプレスト,http://www.do-prest.co.jp
株式会社ブール・ジャパン,https://boole.co.jp/
株式会社ＦＬＡＭＡ,https://www.flama.co.jp/
アクサス株式会社,https://www.axas-japan.co.jp/
株式会社ＦＬＡＭＡ,https://www.flama.co.jp/
株式会社LULL,https://lull-inc.co.jp/
UTコネクト株式会社　東日本,https://www.ut-g.co.jp/ut-connect/
株式会社エヌ・メルクス,https://ssl.nmerx.co.jp/00_index.html
株式会社タイキ,http://kk-taiki.jp/
株式会社シンメトリア,https://www.symmetria.co.jp/index.html
株式会社オフグリッド,https://offgrid.co.jp
株式会社Green＆Digital Partners,
ＲｅＢｏｏｔＴｅｃｈ株式会社,https://www.rbt-tokyo.com/
Evand株式会社,https://evand.jp/
株式会社光和コンピューター,http://www.kowa-com.co.jp
株式会社Hills,https://hills3.co.jp/
ハイツー株式会社,https://hightwo.co.jp/
株式会社クオーテック,https://www.quotec.co.jp
株式会社アーシャルデザイン,https://www.a-cial.com/
株式会社クリーク・アンド・リバー社,https://www.cri.co.jp/
株式会社ｄｉｖｘ,https://divx.co.jp/
FOX HOUND株式会社,https://www.fox-hound.co.jp
ハイツー株式会社,https://hightwo.co.jp/
株式会社ルートゼロ,https://route-zero.com/recruit/
株式会社CRE-CO,http://cre-co.jp
株式会社イデア,https://www.kk-idea.com/
デマンドリンク株式会社,http://www.demand-link.jp/
株式会社SHIFT（東証プライム上場）,http://www.shiftinc.jp/
株式会社S.B.C.,http://www.sbc-sol.co.jp
東京都 デジタルサービス局,https://www.digitalservice.metro.tokyo.lg.jp/
株式会社エス・ケイ通信,https://sk-t.com/
株式会社グッドワークス,https://www.good-works.co.jp/
株式会社クリエイティブリソースインスティチュート,https://cri.ne.jp/
株式会社テクノプロ テクノプロ・R&D社,https://www.technopro.com/rd/recruit/
株式会社アウトソーシングテクノロジー,https://www.ostechnology.co.jp/
東京都 デジタルサービス局,https://www.digitalservice.metro.tokyo.lg.jp/
アクセンチュア株式会社,https://www.accenture.com/jp-ja
パーソルエクセルHRパートナーズ株式会社 ソリューション本部,https://persol-hrpartners.co.jp
株式会社エージェントゲート,https://carechen.jp/
フルウィル株式会社,http://www.fulwill.co.jp/
株式会社マイスター・ギルド,https://www.m-gild.com
ジール株式会社,https://zeal-learning.co.jp/
ケイズドットコム株式会社,http://www.kzcom.jp/
株式会社スリィ・ウェイブ,https://three-waves.jp
株式会社アビリティ,https://www.abinet.co.jp/
株式会社エポック,https://e-poch.jp/
株式会社マリノ,https://www.marino.co.jp/
株式会社イデアル,https://www.ideal-ltd.jp/
株式会社ITPM,https://www.itpm-gk.com/
ロック・ストアー・ハウス株式会社,https://www.rsh.co.jp/
ロック・ストアー・ハウス株式会社,https://www.rsh.co.jp/
株式会社クロスユーアイエス,http://www.xuis.co.jp/
AXe CAPITAL株式会社,http://axecapital-inc.net/
株式会社パリミキ,https://www.paris-miki.co.jp/
株式会社インフィライズ,http://www.infiraiz.com/
株式会社SGクリエイション,http://www.sgcreation.co.jp
シスネット株式会社,https://sysnet.co.jp/
日本システムハウス株式会社,http://www.systemhouse-co.com/
Grow Community株式会社,https://grow-community.net/
株式会社KDDIエボルバ,https://www.its.k-evolva.com
コンパス株式会社,https://cmps.jp/
株式会社アドリンクス,http://addlinks.jp/
株式会社ニューポート,https://www.newportjapan.com
株式会社ルミナス,https://luminous-inc.jp
リーディングトラスト株式会社,https://www.leading-trust.co.jp
株式会社TOKAIコミュニケーションズ,https://www.tokai-com.co.jp/
株式会社アールアールジェイ,https://www.rrj.jp
TLZS株式会社,https://www.tlzs.co.jp/
エクサ・システムプランニング株式会社,http://exainc.co.jp/
FunTre株式会社,https://funtre.co.jp
株式会社インフロント,http://www.infrontinc.co.jp
株式会社リネアワークス,http://lineaworks.jp/
株式会社ビリーフワークス,https://www.beliefworks.co.jp/
株式会社ソースクリエイト,https://www.source.co.jp/
株式会社toiro,http://toiro-inc.com
アイ・エム・サービス株式会社,https://imservice-net.jp
株式会社URシステムズ,https://www.ur-systems.co.jp
株式会社キーワードジャパン,http://www.keywordjapan.co.jp/
ネクストフィールド株式会社,https://www.nf-nextfield.com/
株式会社フレスタ,http://www.frestar.co.jp/
株式会社アベリオシステムズ,https://www.avelio.co.jp/
株式会社ハイパーブレイン,https://www.h-b.co.jp/
ソリッドシード株式会社,https://solidseed.co.jp/
ソリッドシード株式会社,https://solidseed.co.jp/
株式会社CCNグループ,https://ccn-g.co.jp/
株式会社CCNグループ,https://ccn-g.co.jp/
株式会社イデアルディレクションズ,https://idealdirections.co.jp
株式会社モーション,https://www.motion.co.jp/
株式会社エムディシステム,https://md-s.co.jp/
EGテスティングサービス株式会社,https://www.eg-testing.co.jp
株式会社グローバルネット,http://www.global-n.co.jp
株式会社ブレーンネット,https://www.brainnet.co.jp/
株式会社ブレーンネット,https://www.brainnet.co.jp/
一般社団法人表参道メディカルクリニックグループ,https://om-clinic.com/
エースプロジェクト株式会社,https://www.acep.jp
株式会社precious,https://precious.ne.jp/
通販ドットTOKYO株式会社,http://www.tsuhan.tokyo/
株式会社HHUUDD,https://hhuudd.com
株式会社フジヤカメラ店,https://www.fujiya-camera.co.jp/
株式会社ミコト,https://mikoto-style.co.jp/
東和ソリューションエンジニアリング株式会社,http://www.tse-group.co.jp
株式会社サンカクカンパニー,https://www.3kaku.co.jp/
株式会社インプル,https://www.impl.co.jp
株式会社アドバレッジ・パートナーズ,http://www.advaledge-partners.com/
サンブリッジソリューションズ株式会社,http://www.sunbridge-s.jp/index.html
株式会社トゥインクル,http://www.twk.co.jp
トランスコスモスパートナーズ株式会社（トランスコスモスグループ）,https://www.tcpartners.co.jp/
株式会社NTTデータCCS,https://www.nttdata-ccs.co.jp/
株式会社イン・ラティック,https://inerratic.co.jp/
株式会社タイレルシステムズ,https://www.tyrellsys.com/
ルーテイジ株式会社,http://www.rootage.co.jp
アルテンジャパン株式会社,https://www.alten-japan.com/
株式会社サンタエンタテイメント,https://www.santa-ent.co.jp/
株式会社フラックス・エージェント,https://www.fxa.jp/
株式会社FIXER,https://www.fixer.co.jp/
株式会社アネストウェブ,https://www.anestweb.co.jp/
株式会社サンカクカンパニー,https://www.3kaku.co.jp/
ファイブエージャパン株式会社,https://5aj.jp
株式会社ソシアス,http://recruit.socius-net.co.jp
エン・ジャパン株式会社（東証プライム上場）,https://corp.en-japan.com/
エン・ジャパン株式会社（東証プライム上場）,https://corp.en-japan.com/
株式会社ALLSEED,https://allseed.co.jp/recruit/
ケイアイエヌ株式会社,http://www.kingsoft.co.jp/
ネクストリンクス株式会社,https://www.nextlinks.co.jp
プルチャーム株式会社,https://pulchram.co.jp/
株式会社And Doホールディングス（東証プライム上場）,https://www.housedo.co.jp/
株式会社ICT-O,https://ict-o.com/
株式会社A3,http://athree3.com
株式会社トランスアクト,http://trans-act.co.jp/index.html
株式会社Growship,https://grow-ship.com/
株式会社FRAMELUNCH,http://www.framelunch.jp/
株式会社タイムシェア,https://www.tmshare.co.jp
株式会社relation,http://relation2012.com
エン・ジャパン株式会社（東証プライム上場）,https://corp.en-japan.com/
株式会社シエルシステム,https://www.cielsystem.co.jp/
SCSK北海道株式会社,http://www.scsk-hokkaido.co.jp
インターメディアプランニング株式会社,https://www.ipi.co.jp/
エン・ジャパン株式会社（東証プライム上場）,https://corp.en-japan.com/
エン・ジャパン株式会社（東証プライム上場）,https://corp.en-japan.com/
株式会社HAL,http://www.hal21.co.jp/
ベイクロスマーケティング株式会社,https://www.baycross.jp/
ネクストリンクス株式会社,https://www.nextlinks.co.jp
株式会社オリエンタルインフォーメイションサービス,https://www.ois-yokohama.co.jp
株式会社フロントライン,http://www.front-line.jp/
株式会社インフォプラックス,https://www.infoprax.co.jp/
株式会社アイビス 東京本社,https://www.ibis.ne.jp/
ゼネリックソリューション株式会社,http://generic-solution.co.jp/
株式会社G.A.P,https://groupaplay.net
株式会社サントラスト,https://www.suntrust.co.jp/
株式会社TERAZ,http://teraz.jp/
株式会社アークス,http://project-arx.com
株式会社TOKIMEKU JAPAN,https://tokimeku-japan.jp/
エム・ビー・エーインターナショナル株式会社,http://mba-international.jp
株式会社いつも,https://itsumo365.co.jp/
株式会社ライフインテリジェンス,https://www.ticketlife.jp/
コニカミノルタジャパン株式会社,https://www.konicaminolta.jp/business/index.html
株式会社Branding Engineer（東証グロース上場）,https://b-engineer.co.jp/
株式会社インターナショナルスポーツマーケティング,https://www.ism.co.jp/
株式会社メディカルリソース,https://www.medical-res.co.jp/
株式会社博報堂アイ・スタジオ,https://www.i-studio.co.jp/
株式会社博報堂アイ・スタジオ,https://www.i-studio.co.jp/
株式会社博報堂アイ・スタジオ,https://www.i-studio.co.jp/
株式会社UFジャパン,https://ufjapan.co.jp/
株式会社ポストスケイプ,https://postscape.jp/
株式会社Branding Engineer（東証グロース上場）,https://b-engineer.co.jp/
株式会社カカクコム・インシュアランス,https://kakakucom-insurance.co.jp/
コスメテックスローランド株式会社,http://www.c-roland.co.jp/
株式会社エービーシステム,http://www.absys.co.jp
株式会社エイデン,https://a-den.co.jp/
株式会社宇部情報システム,https://www.uis-inf.co.jp
GMOメイクショップ株式会社,https://www.makeshop.co.jp/
KDDIまとめてオフィス株式会社,https://www.kddimatomete.com/
GMOメイクショップ株式会社,https://www.makeshop.co.jp/
GMOメイクショップ株式会社,https://www.makeshop.co.jp/
GMOメイクショップ株式会社,https://www.makeshop.co.jp/
株式会社Soft Plan,http://www.sofpla.jp/
株式会社SHISHI,http://www.shishi.co.jp
株式会社宇部情報システム,https://www.uis-inf.co.jp
株式会社宇部情報システム,https://www.uis-inf.co.jp
株式会社ネクスウェイ,https://www.nexway.co.jp/
株式会社KEIアドバンス,https://www.keiadvanced.jp/
株式会社プレート（出向先：株式会社e2e）,https://www.plate.co.jp
株式会社gumi（東証プライム上場）,https://gu3.co.jp/
株式会社ネットショップスタジオ,http://www.netshop-studio.com/
株式会社ICON,http://www.e-icon.co.jp
株式会社ENDGE,
プルデンシャル生命保険株式会社,https://www.prudential.co.jp/
プルデンシャル生命保険株式会社,https://www.prudential.co.jp/
プルデンシャル生命保険株式会社,https://www.prudential.co.jp/
ミネベアミツミ株式会社（東証プライム上場）,http://www.minebeamitsumi.com/
株式会社デジタルハーツ,https://www.digitalhearts.com/
株式会社ネクスウェイ,https://www.nexway.co.jp/
株式会社ネクスウェイ,https://www.nexway.co.jp/
株式会社ユー・エス・イー,https://www.use-ebisu.co.jp/
西菱電機株式会社（東証スタンダード上場）,https://www.seiryodenki.co.jp/
スマートキャンプ株式会社,https://smartcamp.co.jp/
株式会社CHINTAI,https://www.chintai.jp/
株式会社アイモバイル（東証プライム上場）,https://www.i-mobile.co.jp/
株式会社コンセント,https://www.concentinc.jp/
株式会社コンセント,https://www.concentinc.jp/
SNOW Japan株式会社,https://snowcorp.com/ja/
SNOW Japan株式会社,https://snowcorp.com/ja/
ヤーマン株式会社（東証プライム上場）,https://corporate.ya-man.com/
伊藤忠テクノソリューションズ株式会社（東証プライム上場）,https://www.ctc-g.co.jp/
株式会社キュービック,https://cuebic.co.jp/
株式会社コンセント,https://www.concentinc.jp/
株式会社コンセント,https://www.concentinc.jp/
株式会社ビジョン・コンサルティング,https://visioncon.co.jp/
株式会社ビジョン・コンサルティング,https://visioncon.co.jp/
株式会社レコチョク,http://recochoku.jp/corporate/
株式会社レコチョク,http://recochoku.jp/corporate/
株式会社博報堂アイ・スタジオ,https://www.i-studio.co.jp/
株式会社博報堂アイ・スタジオ,https://www.i-studio.co.jp/
合同会社DMM.com,https://dmm-corp.com/
合同会社DMM.com,https://dmm-corp.com/
三菱UFJニコス株式会社,https://www.cr.mufg.jp/
Vareal株式会社,https://www.vareal.co.jp/
オリックス生命保険株式会社,http://www.orix.co.jp/ins/
株式会社日本取引所グループ（東証プライム上場）,https://www.jpx.co.jp/
株式会社インテグリティ・ヘルスケア,https://www.integrity-healthcare.co.jp/
株式会社インテグリティ・ヘルスケア,https://www.integrity-healthcare.co.jp/
株式会社イーウェル,https://www.ewel.co.jp/
株式会社ウェルモ,https://welmo.co.jp
株式会社ウェルモ,https://welmo.co.jp
株式会社キュービック,https://cuebic.co.jp/
株式会社セブン&アイ・ホールディングス（東証プライム上場）,https://www.7andi.com/
株式会社エヌジーシー,http://www.ngc-ngc.jp/
株式会社IT plus,http://www.i-t-plus.co.jp/index.html
株式会社Bug.s,https://bugs.co.jp/
株式会社アスク,https://www.asq-fs.co.jp/
株式会社プロプラン,http://www.proplan.co.jp/
株式会社ヴォイエンシー,http://www.buoyancy.co.jp/
エコール・クリオロ株式会社,http://www.ecolecriollo.com
カシオ計算機株式会社（東証プライム上場）,https://www.casio.com/jp/
株式会社人材ドラフト,https://www.jinzai-draft.com/corporate/
PayPay株式会社,https://paypay.ne.jp
株式会社SYSNAG,https://www.sysnag.co.jp/
株式会社エンジン,http://www.enging.jp/
株式会社東芸エンタテイメンツ,http://www.togei-net.com/index.html
株式会社ロイヤリティ マーケティング,https://www.loyalty.co.jp/
株式会社ロイヤリティ マーケティング,https://www.loyalty.co.jp/
株式会社ルイ・アラン,http://www.lui-alain.co.jp/
株式会社ビタットジャパン,https://www.bitatto-japan.com/
プライムナンバーズ株式会社,https://primenumbers.co.jp/
株式会社メンズ・サンエー,http://www.mens-sanei.co.jp/
株式会社NTTデータ・スマートソーシング,https://www.nttdata-smart.co.jp/
株式会社オールアバウトライフマーケティング,https://www.lifemarketing.co.jp/
株式会社スミフルジャパン,http://www.sumifru.co.jp/
株式会社セガトイズ,https://www.segatoys.co.jp/
株式会社デジタルガレージ（東証プライム上場）,http://www.garage.co.jp/
株式会社りそな銀行,https://www.resonabank.co.jp/
弁護士ドットコム株式会社（東証グロース上場）,https://corporate.bengo4.com/
弁護士ドットコム株式会社（東証グロース上場）,https://corporate.bengo4.com/
オリコン株式会社（東証スタンダード上場）,https://www.oricon.jp/
コニカミノルタジャパン株式会社,https://www.konicaminolta.jp/business/index.html
ヤフー株式会社,https://about.yahoo.co.jp/
株式会社イーウェル,https://www.ewel.co.jp/
株式会社インターナショナルスポーツマーケティング,https://www.ism.co.jp/
株式会社カカクコム・インシュアランス,https://kakakucom-insurance.co.jp/
株式会社サイバーセキュリティクラウド（東証グロース上場）,https://www.cscloud.co.jp
株式会社デジタルハーツ,https://www.digitalhearts.com/
Sansan株式会社（東証プライム上場）,https://jp.corp-sansan.com/
オイシックス・ラ・大地株式会社（東証プライム上場）,https://www.oisixradaichi.co.jp/
キヤノン電子テクノロジー株式会社,https://www.canon-electec.co.jp/
ピジョン株式会社（東証プライム上場）,https://www.pigeon.co.jp/
株式会社博報堂アイ・スタジオ,https://www.i-studio.co.jp/
株式会社dazzy,https://www.dazzy.co.jp/
アーズ総合開発株式会社,https://www.arz.co.jp/
株式会社アドラボ,https://www.adlab.jp/
株式会社フロンティア・システムソリューションズ,http://www.frontier-syssol.com/
株式会社to,https://to-inc.co.jp/
株式会社ワンズマインド,https://www.onesmind.co.jp/
株式会社リクルートスタッフィング情報サービス,http://www.rs-is.co.jp/
湘南美容クリニック（医療法人湘美会）,http://www.s-b-c.net/
株式会社セラク（東証プライム市場上場企業）,http://www.seraku.co.jp/
パーソルテンプスタッフ株式会社（テンプスタッフ株式会社より社名変更）,https://www.tempstaff.co.jp/
株式会社エス・イー・シー・ハイテック,http://www.sech.co.jp/
のむら産業株式会社（東証スタンダード上場）,http://www.nomurasangyo.co.jp/
株式会社八興システムズ,http://yakou-systems.com
株式会社TOKIMEKU JAPAN,https://tokimeku-japan.jp/
株式会社グリフィン,https://griffin.co.jp/
株式会社DigiCon,https://www.dcon.co.jp/
株式会社クロスリスティング,https://www.xlisting.co.jp/
株式会社コムデ,https://www.commude.co.jp/
株式会社コンフィデンス（東証グロース上場）,https://confidence-inc.jp/
株式会社HRC,https://c-hrc.com/
株式会社ノースサンド,https://northsand.co.jp/index.html
株式会社レグルカセ,http://www.reglecasse.co.jp/
株式会社コンフィデンス（東証グロース上場）,https://confidence-inc.jp/
株式会社アールナイン,https://r09.jp
株式会社みらいきれい,https://mirai-kirei.jp/
株式会社メソドロジック,https://www.methodologic.co.jp/
ヒーローズ株式会社,https://hero-z.co.jp
株式会社ACK,http://www.ack-st.co.jp/#home
株式会社コンサルタントラボラトリー,https://conlabo.co.jp
株式会社アルビオン,https://rashisa.albion.co.jp/
GMOフィナンシャルゲート株式会社（東証グロース上場）,https://gmo-fg.com/
株式会社新生銀行（東証スタンダード上場）,http://www.shinseibank.com
株式会社新生銀行（東証スタンダード上場）,http://www.shinseibank.com
株式会社SHIFT（東証プライム上場）,http://www.shiftinc.jp/
株式会社エブリー,https://corp.every.tv/
総合メディカル株式会社,https://www.sogo-medical.co.jp/
富士フイルムビジネスイノベーションジャパン株式会社,https://www.fujifilm.com/fb/company/fbj
株式会社デジタルガレージ（東証プライム上場）,http://www.garage.co.jp/
株式会社大塚商会（東証プライム上場）,http://www.otsuka-shokai.co.jp/
GMOペイメントゲートウェイ株式会社（東証プライム上場）,https://www.gmo-pg.com/
株式会社デジタルガレージ（東証プライム上場）,http://www.garage.co.jp/
株式会社りそな銀行,https://www.resonabank.co.jp/
ミネ医薬品株式会社,https://www.mineiyakuhin.co.jp
ランスタッド株式会社 randstad technologies エンジニア事業部,https://www.randstad.co.jp/
株式会社SEMエージェンシー,https://sem-agency.co.jp/recruit/
株式会社パシフィックネット（東証スタンダード上場）,https://www.prins.co.jp/
株式会社テクノプロ・コンストラクション,https://www.technopro-construction.com/
株式会社アルトナー（東証プライム上場）,https://www.artner.co.jp/
株式会社ギミック,http://gimic.co.jp/
アイ・エフ・ディー株式会社,https://i-fromdata.co.jp
GMOコマース株式会社,http://www.gmo-c.jp/
デジタルアスリート株式会社,https://ppc-master.jp/recruit
株式会社セブン・カードサービス,https://www.7card.co.jp/company/
株式会社クオキャリア,https://www.quacareer.co.jp/
エン・ジャパン株式会社（東証プライム上場）,https://corp.en-japan.com/
株式会社リープ,http://www.leap-co.net/
株式会社メディアドゥ（東証プライム上場）,https://mediado.jp
デジタルアスリート株式会社,https://ppc-master.jp/recruit
スカルネ・ジャパン株式会社,https://sukarne-japan.myshopify.com/
株式会社BAKE,http://www.bake-jp.com/
株式会社トゥエンティーフォーセブン（東証グロース上場）,https://247group.co.jp/
株式会社ヴァーナル,http://www.vernal.co.jp/
株式会社りそな銀行,https://www.resonabank.co.jp/
オリックス生命保険株式会社,http://www.orix.co.jp/ins/
ジェイアイ傷害火災保険株式会社,http://www.jihoken.co.jp/
KDDIまとめてオフィス株式会社,https://www.kddimatomete.com/
株式会社小田急百貨店,https://www.odakyu-dept.co.jp
SCデジタルメディア株式会社,https://www.sc-dmedia.com/
アントプロダクション株式会社,https://ant-production.jp
株式会社PALTAC,http://www.paltac.co.jp/
株式会社AXES,https://www.axes-net.jp/
株式会社ポジティブドリームパーソンズ,http://www.positive.co.jp/
株式会社キッズインテグレーション,https://www.kids-integ.co.jp/index.html
