Company,URL
株式会社SHIFT,https://www.shiftinc.jp/
株式会社キーワードジャパン,http://www.keywordjapan.co.jp/
株式会社スタッフサービス　エンジニアリング事業本部,https://www.staffservice-engineering.jp/
株式会社アウトソーシングテクノロジー　SS事業部,https://www.ostechnology.co.jp/
株式会社テクノプロ　テクノプロ・デザイン社,https://www.technopro.com/design/
株式会社メイテックフィルダーズ,https://www.m-fielders.co.jp/
株式会社セキュアインフラストラクチャー,http://www.secure-i.jp
株式会社V Language,http://lg-gr.com/
株式会社ワイヤードパッケージ,https://wiredpackage.com/
株式会社QuaLier Crage,https://www.qualier.co.jp/
ヒューマンリレーションネクスト株式会社,http://hr-next.co.jp/
株式会社ブライトノア,http://www.bright-g.jp/
株式会社ベオスアイティーホールディングス,https://www.vih.co.jp/
EBA株式会社,https://ebacorp.jp/
アンドロボティクス株式会社,http://androbo.jp/
株式会社アウトソーシングテクノロジー　SS事業部,https://www.ostechnology.co.jp/
CLINKS株式会社,http://www.clinks.jp/
株式会社テクノプロ　テクノプロ・ＩＴ社,https://technopro.com/it/rec_c/
株式会社メイテックフィルダーズ,https://www.m-fielders.co.jp/
H.R.I株式会社,https://hri-group.jp/
株式会社ゼディア,https://zedia-g.jp/
株式会社デジタルデザインシンク,http://www.ddthink.com/
フォーザウィン株式会社,http://forthewin.co.jp/
株式会社アソウ・アルファ,https://alpha.ahc-net.co.jp/index.html
株式会社ゼディアロード,https://zedia-g.jp/
株式会社スタッフサービス　エンジニアリング事業本部,https://www.staffservice-engineering.jp/
株式会社ブライトアルファ,http://www.bright-g.jp/
株式会社リクルートＲ＆Ｄスタッフィング,https://www.recruit-rds.co.jp/
アクセンチュア株式会社,https://www.accenture.com/jp-ja/careers
トランスコスモス株式会社,https://www.trans-cosmos.co.jp/dx/
株式会社Vコレクタリア,http://www.correctaria.jp/correctaria/src/index.html
株式会社ウイルテック,https://www.willtec.jp/
株式会社リーディング・エッジ社,https://www.leadinge.co.jp
株式会社ライズエクシード,http://www.rise-g.jp/
株式会社アウトソーシングテクノロジー　SS事業部,https://www.ostechnology.co.jp/
伊藤忠テクノソリューションズ株式会社,https://www.ctc-g.co.jp/
AJ・Flat株式会社,https://ajflat.co.jp/
フルウィル株式会社,http://www.fulwill.co.jp/
株式会社　サイバーミッションズ,http://www.cybermissions.co.jp/
株式会社アンサー,http://www.answernet.co.jp
株式会社GROWTHAS,https://www.growthas.jp/
株式会社マイナビEdge,https://www.mynavi-edge.jp/
株式会社グローバルビジョンテクノロジー,http://recruit.gvtech.co.jp/
株式会社夢テクノロジー,https://www.yumeteku.jp/?utm_source=mae&utm_medium=bt
株式会社SEI CORPORATION,http://slc.good2005.com/
株式会社ウェブエッジ,http://www.webedge.jp/
株式会社アルファシステムズ,https://www.alpha.co.jp/
株式会社ウェム,https://www.vv-e-nn.com/
株式会社アイ・ディ・エイチ,https://www.idh-net.co.jp/careers/careers
株式会社ビーネックステクノロジーズ,https://www.benextgroup.net/bnt/career_engineer
株式会社フォーラムエンジニアリング,http://www.forumeng.co.jp/
株式会社アルス・ウェアー,https://recruit.arsware.co.jp/
株式会社エンジョイ,https://en-joy.co.jp/
株式会社プラウドフロー,http://www.proud-g.jp
株式会社メイテック,http://recruit.meitec.co.jp/mt/career/
株式会社SHIFT,https://www.shiftinc.jp/
株式会社リクルートＲ＆Ｄスタッフィング,https://www.recruit-rds.co.jp/
株式会社コラットベース,http://www.korat.co.jp/
株式会社S-Play,http://nodecom.sakura.ne.jp/node_spy/
株式会社カレッジティアンドケイ,https://www.courage.co.jp/
株式会社ワールドシステムサービス,https://worldss.co.jp
ジャパニアス株式会社,https://jna.co.jp/
Airitech株式会社,https://www.airitech.co.jp/
スマカン株式会社,https://smartcompany.jp/
株式会社ATJC,https://atjc-it.jp/
株式会社日本技研プロフェッショナルアーキテクト,http://www.jtpro.jp/
富士ソフト株式会社,https://www.fsi.co.jp/recruit/index.html
三井住友トラスト・システム＆サービス株式会社,https://www.smtss.jp/
AI-System株式会社,https://www.ais-it.com/recruit.html
CLINKS株式会社,http://www.clinks.jp/
株式会社SHIFT,https://www.shiftinc.jp/
株式会社ガリレオ,https://www.gally-tech.com/
株式会社ワールドインテック テクノ・SI事業本部,https://www.witc.co.jp/
株式会社フレクト,https://www.flect.co.jp/
株式会社FunClock,https://www.funclock.co.jp/
株式会社金融情報サービス,http://www.fis-jp.com/
株式会社カーネルジャパン,http://kernelj.jp/
エースプロジェクト株式会社,https://www.acep.jp/
株式会社リスペクツ,http://www.rspct.co.jp/
株式会社HIBIKIソリューション,http://www.hibikisol.co.jp/
システムコミュニケーションズ株式会社,https://recruit-info.com/syscoms/
株式会社FEEL CONNECTION,http://recruit.feelconnection.co.jp/top/
株式会社feat,http://www.feat-inc.com/
株式会社リクルートネット,https://www.recruit-net.jp/
株式会社サクラボ,https://www.sakurabo.co.jp/itjinzai/
株式会社シーエスウェア,http://www.csware.net/
株式会社コロナワークス,https://cwks.co.jp
富士ソフト株式会社,https://www.fsi.co.jp/recruit/index.html
株式会社LULL,
アヴァント株式会社,https://avant-sl.com/
株式会社シーフォース,https://www.c-force-corp.co.jp/
株式会社グランディール,http://www.gd-g.jp/
株式会社ヴィトーリア,https://vitoria.co.jp/
株式会社わさび,https://wasabi-digital.com/
株式会社ボーグテクノロジー,http://borgtechnology.co.jp/
株式会社META GAMES,https://meta-games.jp/
株式会社feat,http://www.feat-inc.com/
株式会社blue,http://blue-corporation.jp/
ファイブスターズゲーム株式会社,https://www.5sg.jp/
株式会社ONE-TECH,https://www.one-tech.co.jp/
株式会社ジェイテック,https://www.j-tech.jp/
株式会社東北電子計算センター,https://www.tecgrp.co.jp/
株式会社クレスト,https://www.wns.co.jp/
株式会社アベールジャパン,https://www.avail-japan.co.jp/
株式会社PLUS1コミュニケーションズ,https://job-gear.net/plus1commu/
チェンシージャパン株式会社,https://ichengsi.co.jp/
株式会社アイフリークモバイル,https://www.i-freek.co.jp/
パーソル エクセル HRパートナーズ株式会社 ソリューション本部,https://persol-hrpartners.co.jp/
日本インサイトテクノロジー株式会社,http://www.insightech.co.jp
株式会社DLCネクスト,http://dlc.co.jp/
株式会社オールイン,http://www.allinfo.jp
株式会社データワンテクノロジー,https://www.i-dataone.co.jp/
サヴァリ株式会社,https://savari.jp/
コクー株式会社,https://cocoo.co.jp
株式会社プレアデスコンサルタント,https://pleiades.mobi/
株式会社ブライトスター,http://brightstar.co.jp/
株式会社アスパーク,https://www.aspark.co.jp/
株式会社クリア,https://clear-inc.site/
株式会社ウィクレソフト・ジャパン,http://www.wicresoft.jp/
株式会社Runpath,http://www.runpath.co.jp/
グルーコードテクノロジーズ株式会社,https://www.gluecode-tech.co.jp/
株式会社ブリンクグル―プ,https://www.blnk.co.jp/recruitment/
TEシステム株式会社,https://www.te-system.com/index
株式会社電子工学センター,http://www.eec.co.jp/
フィラーシステムズ株式会社,https://www.fsz.co.jp/
株式会社Bloom Basis,https://bloombasis.com/
エフ・ティ・コム株式会社,https://www.ft-com.co.jp/
株式会社フジワーク,https://www.fujiwork.co.jp/
株式会社エムケイプロジェクト,
株式会社ウイングノア,https://wingnoah.co.jp/
株式会社アンク,http://www.ank.co.jp/
システムクリエイティブ株式会社,http://www.systemcreative.co.jp
株式会社SAKURUG,http://sakurug.co.jp
株式会社システムソフィア,https://www.system-sophia.co.jp/
株式会社アクレ,https://www.acre.jp/
株式会社エスティーエー,https://sta-g.jp/
株式会社GBR,http://www.gbr-net.co.jp/
株式会社fosbury,http://fosbury.co.jp/
株式会社エンジョイ,https://en-joy.co.jp/
アマゾン ウェブ サービス ジャパン合同会社,https://aws.amazon.com/jp/careers/
株式会社SHT,http://www.shtech.co.jp/
株式会社クロスゲームズ,http://www.cross-games.jp/
株式会社アイティ総研,https://www.it-lab.co.jp/
株式会社プラウドリンク,http://www.proud-g.jp
株式会社アバンス・エイト,https://8gp.jp/
株式会社スタートアップテクノロジー,https://startup-technology.com/
ニューウェイブシステムラボ株式会社,http://www.new-wave.jp/
株式会社スタイル・フリー,http://www.style-free.co.jp/
株式会社アイフリークモバイル,http://www.i-freek.co.jp/
株式会社エスティーエークリーフ,http://sta-g.jp/
